{
    "last_train_accuracy": 96.94530662151995,
    "last_val_accuracy": 93.125,
    "test_accuracy": 91.61904761904762
}