{
    "last_train_accuracy": 96.56767306245297,
    "last_val_accuracy": 91.375,
    "test_accuracy": 90.73015873015873
}